{
  "social_battery": 0.0,
  "loneliness": 0.0,
  "curiosity": 0.8499999999999996,
  "duty": 0.0,
  "last_interaction": 1777655502.6057565,
  "last_user_message": 1777655502.6051984,
  "last_sakura_initiation": 0.0,
  "messages_today": 100,
  "initiations_today": 0
}