{
  "social_battery": 0.0,
  "loneliness": 0.0,
  "curiosity": 0.8999999999999996,
  "duty": 0.0,
  "last_interaction": 1774962757.8442903,
  "last_user_message": 1774962757.8427463,
  "last_sakura_initiation": 0.0,
  "messages_today": 7,
  "initiations_today": 0
}