{
  "social_battery": 0.5099999999999996,
  "loneliness": 0.0,
  "curiosity": 0.4000000000000002,
  "duty": 0.0,
  "last_interaction": 1768554794.0649037,
  "last_user_message": 1768554794.0649037,
  "last_sakura_initiation": 0.0,
  "messages_today": 7,
  "initiations_today": 0
}