{
  "social_battery": 0.0,
  "loneliness": 0.0,
  "curiosity": 0.9499999999999997,
  "duty": 0.0,
  "last_interaction": 1769521992.6188838,
  "last_user_message": 1769521992.6179767,
  "last_sakura_initiation": 0.0,
  "messages_today": 5,
  "initiations_today": 0
}