{
  "social_battery": 0.0,
  "loneliness": 0.0,
  "curiosity": 0.8499999999999998,
  "duty": 0.0,
  "last_interaction": 1770093070.0488749,
  "last_user_message": 1770093070.0481467,
  "last_sakura_initiation": 0.0,
  "messages_today": 8,
  "initiations_today": 0
}